Name	Mean	LogFC	pValue	p.Adj	SYMBOL
FBgn0000008	298.787536671391	1.1480134080832503	7.016052267692184e-12	8.427058334861391e-10	a
FBgn0000078	55.57964038508328	2.194046915058919	2.501870858981336e-6	1.1888010543115712e-4	Amy-d
FBgn0000592	151.62749180359575	-1.2396189749179811	4.370441392376195e-7	2.5309538277635716e-5	Est-6
FBgn0000636	1061.7945330324274	-0.6055703108757812	6.122199953618283e-8	4.412065433240909e-6	Fas3
FBgn0001134	50.36816502767139	-1.8283974470170308	4.582597671438343e-5	0.00158081466383141	Grd
FBgn0001186	1435.4787329999483	-0.5482081284586092	1.4100658946465476e-5	5.509450236552715e-4	Hex-A
FBgn0001991	1247.9017998173358	0.895024566538717	1.998715388178103e-20	5.516454471371564e-18	Ca-alpha1D
FBgn0002905	917.8817006745574	-0.7819526353680212	1.3957193861605186e-12	1.8288153411388128e-10	PolQ
FBgn0003041	839.5741913800779	-0.628612346425887	4.219613558154193e-8	3.1100469929759197e-6	pbl
FBgn0003089	172.7097775753808	1.888408821531296	4.085175934656636e-12	5.095471367727489e-10	pip
FBgn0003326	18.308004904732673	4.432147304364677	6.449876639304548e-8	4.547163030709706e-6	sca
FBgn0003866	174.66466515238193	0.8245394103946413	7.999764937462699e-5	0.002549703950092534	tsh
FBgn0004512	189.66760280423858	1.106290805885745	7.085791862537354e-8	4.915341820365484e-6	Mdr49
FBgn0004595	276.97828420383814	0.8661464286041214	4.952608887382119e-7	2.8301868937057645e-5	pros
FBgn0005636	435.6629399204335	-0.5634687257779498	2.230542058127795e-4	0.006117249805081133	nvy
FBgn0005696	73.79991958145622	2.072250544166061	1.2419009931914996e-10	1.2585890377875103e-8	PolA2
FBgn0010053	312.81691158477133	-0.9883012878550266	2.6596833238235292e-8	2.0909946713114437e-6	Jheh1
FBgn0010470	202.4795462591226	-0.8855808941555738	1.6168409512279442e-5	6.205225094476004e-4	Fkbp14
FBgn0010482	310.22782830811684	-0.6266083945142655	2.6551015289428826e-4	0.007145638388681965	hlk
FBgn0011559	221.3118386377834	0.9260036732727556	9.866583046972022e-5	0.003032922163159267	Acp36DE
FBgn0011722	140.28624237243062	1.2210951133681482	1.6087121801457504e-7	1.0279908571847623e-5	Tig
FBgn0013725	257.4692054118774	-2.8999756840841027	7.206258269097944e-37	6.231972151115901e-34	phyl
FBgn0014396	335.0801340469324	-0.6458367208427362	2.557414447534405e-4	0.006897043703412952	tim
FBgn0015031	344.5627208464897	0.8425146366911888	1.826161112121655e-7	1.1499496090505878e-5	cype
FBgn0015037	304.08438538164444	-1.0628726364877357	2.486833120648297e-7	1.536152344811891e-5	Cyp4p1
FBgn0015399	408.3101808765283	0.6846084181266753	1.4844954356229508e-5	5.748320833104752e-4	kek1
FBgn0015714	136.37619603145285	-1.3308146035930017	4.2137006887178966e-7	2.462167807840025e-5	Cyp6a17
FBgn0015721	293.7810628516019	0.6275828171247108	3.130867803701541e-4	0.008221379989800888	ktub
FBgn0016081	5456.095948692581	0.7981149358701766	5.228612586473085e-24	1.9378732134779674e-21	fry
FBgn0016660	50.620616151515506	1.8135135582355633	5.022820334171899e-6	2.2161913392815605e-4	H15
FBgn0019990	746.4863406123643	1.1408716982713507	1.9547442243337433e-20	5.5123787126211564e-18	Gcn2
FBgn0020415	438.4372792668845	-0.5604916547458554	2.4721576740969727e-4	0.0066872760603760885	Idgf2
FBgn0020767	582.3182587173475	0.5189104158454423	5.0761828181228624e-5	0.0017283003547687605	Spred
FBgn0022985	511.79497415846527	-0.6018965966895939	2.0775097194462023e-5	7.76641385609687e-4	qkr58E-2
FBgn0022987	248.25452830266096	-0.8326577277734154	2.0190344963587018e-5	7.569628753400312e-4	qkr54B
FBgn0023181	306.8769052310079	0.7991358204130439	9.402328752387326e-7	5.0608717251439164e-5	Orc4
FBgn0023407	150.04675729749806	0.8517571855393209	2.060689273070197e-4	0.005710917659620969	B4
FBgn0023496	78.28866597349949	1.2417910556683556	1.1698681690328828e-4	0.0035456845534333073	Lip1
FBgn0024230	480.6838338462104	0.9361956555978047	2.376651755370359e-11	2.6808631800577652e-9	Hs2st
FBgn0024740	799.329064411702	-0.5571556332884731	4.75461354762447e-6	2.105011840948281e-4	Lip2
FBgn0024841	151.12718676739718	1.9027251200375477	6.628968494654834e-16	1.2462460769951087e-13	Pcd
FBgn0025692	140.2634004888703	-1.234569110838022	9.092189660307533e-7	4.914328511396221e-5	Lfg
FBgn0025832	235.30069161351622	1.364165916698105	1.1326732381645556e-13	1.7702454512615198e-11	Fen1
FBgn0025865	1152.0887356355402	-0.5732266035119806	1.4484005901448224e-8	1.1891552186935846e-6	Cortactin
FBgn0026199	481.26163958755586	-0.5270845326935053	3.438048235337237e-4	0.008919672341758927	myo
FBgn0026315	54.813994805051415	-1.632075941247902	3.242636722218982e-4	0.008429555823772472	Ugt35A1
FBgn0026393	65.49701888083179	1.2357720927825189	3.223478098690163e-4	0.008406770344403371	Or43b
FBgn0026439	129.62868988801455	-1.163055248926967	2.017692656376247e-5	7.569628753400312e-4	Eaat1
FBgn0027073	61.98578464013256	-1.8223179717092888	1.3714624427149354e-5	5.374806890301553e-4	Ugt49B1
FBgn0027080	299.26221898128466	0.735156224777459	1.1098615175753565e-5	4.5132048921590987e-4	TyrRS
FBgn0027360	1032.1017575892643	-0.5339024094088186	2.1864700254533292e-6	1.0622804932651905e-4	Tim10
FBgn0027560	500.1097883625422	-0.7297202000375662	1.0595400180123505e-5	4.335758080017732e-4	Tps1
FBgn0028480	486.936666953221	-0.5184765239540082	1.9877914817596523e-4	0.005569250777837194	CG17841
FBgn0028525	183.60995866877835	0.9725417768451573	2.1783314500878998e-5	8.073518734440067e-4	c(2)M
FBgn0028897	498.33358634095856	0.7538355938795257	7.743898255117843e-8	5.3150184214491356e-6	CG4935
FBgn0028993	94.67891110435131	1.4516977382248222	2.9927747067296176e-6	1.3815755692418719e-4	FBgn0028993
FBgn0029082	66.89749437360385	1.794285680647744	4.563015022056776e-7	2.630730260716467e-5	FBgn0029082
FBgn0029095	330.6855610685802	1.915664320390402	3.5814727647815204e-29	1.7868794117209955e-26	aru
FBgn0029990	1196.2566832836046	-1.617013235313608	4.9832574152123433e-51	8.080351898766815e-48	CG2233
FBgn0030332	76.98850995012211	-2.1738886748333206	1.0507189781571274e-7	6.8492093390222385e-6	CG9360
FBgn0031264	306.01061369348747	0.6201083812752001	3.2273910202843654e-4	0.008406770344403371	CG11835
FBgn0031279	364.2662901838662	0.844556230270435	3.7132816250059445e-8	2.8005051883475066e-6	CG3544
FBgn0031294	1330.9680772587649	-0.5778630588311794	2.788127232595004e-9	2.477231949398794e-7	IA-2
FBgn0031378	1210.4533182834748	0.7500326784198155	1.169960920242663e-13	1.8067539354033124e-11	CG15362
FBgn0031384	863.1826587076887	0.7081365772316415	7.411370799892214e-11	7.880352624278836e-9	CG4238
FBgn0031426	711.3079290552107	1.1335936326591132	1.734972101704991e-20	5.0013462451815874e-18	CG18641
FBgn0031453	449.5263004304005	-0.7932017516538682	6.363651159214075e-8	4.52965612056199e-6	Bacc
FBgn0031485	166.3741286503	1.8548470399943227	9.07910915931295e-17	1.7844576365849633e-14	CG9643
FBgn0031504	4157.814048890903	0.5745617229546431	2.5895999613073555e-13	3.652667297119413e-11	CG15403
FBgn0031533	155.15564791522317	-3.908563596598198	1.173920100652373e-27	5.07603051522086e-25	CG2772
FBgn0031548	300.6782396671313	-1.149659621612552	9.659484648099922e-8	6.393001778324092e-6	CG8852
FBgn0031608	368.6780315891089	-0.6401735166607946	4.249124751165542e-5	0.0014857047512700653	CG15435
FBgn0031626	9327.27888971146	-0.8037477031785649	1.713132037799238e-29	8.889099517732686e-27	CG15631
FBgn0031700	29.636773408859728	1.9618898149651576	1.614497946878413e-4	0.004695799858050846	CG14022
FBgn0031741	216.6619972504834	-1.1810500069684553	1.5674815712461197e-8	1.2788283611449475e-6	CG11034
FBgn0031753	644.1927654443869	1.0935752600143054	1.8453510142714832e-17	3.860950541472529e-15	CG13999
FBgn0031774	2096.73545866105	0.7602369592251702	5.716047698425205e-17	1.14074724221495e-14	CG9147
FBgn0031888	348.5836033548607	-0.8096156338745981	1.198805266692807e-6	6.195578453999639e-5	Pvf2
FBgn0031909	214.64900956659486	-1.0403063041777088	3.100714502619313e-7	1.8754839268544364e-5	CG5181
FBgn0031947	352.2193482242961	-0.738670188169003	6.846174821892031e-6	2.940681449986206e-4	Brd7-9
FBgn0032001	584.2697250268632	0.5621918964941591	1.3277043868764524e-5	5.234948725398584e-4	CG8360
FBgn0032017	405.8759960736225	-0.5721587630409911	2.206763018906526e-4	0.006064858025689715	CG7810
FBgn0032136	1242.8793821532308	1.3721312567155546	2.2755049862539003e-43	2.9517850681685595e-40	Apoltp
FBgn0032172	2187.099459647364	-0.5638076698618345	1.9243838893549874e-11	2.228848911849366e-9	CG5850
FBgn0032193	1074.7549795015113	0.7721143332796716	1.3323293663221643e-13	2.033291357638955e-11	CG5727
FBgn0032224	628.6714142190954	-0.6637858763357819	2.2620942530507159e-7	1.4107637812775906e-5	Sps2
FBgn0032233	48.56309996745712	-1.8852342706675282	3.2791014388310786e-5	0.0011685852710032075	dpr19
FBgn0032249	163.64560110428707	-1.4534003051837359	1.3762660307494742e-9	1.2661647482895163e-7	TBC1D16
FBgn0032373	49.47420863603158	1.8892086660875056	1.0438214477253136e-5	4.2849531075610025e-4	Vha100-5
FBgn0032374	1440.1544647125977	-0.5940136495492314	4.492721331797831e-10	4.223158051889961e-8	CG14931
FBgn0032377	86.08012923889899	1.1303879836938309	2.183922523999825e-4	0.0060148286584555686	CG14937
FBgn0032431	2701.942780454072	0.5394899526695824	4.823305325054666e-11	5.302365820051621e-9	CG5435
FBgn0032494	46.14547792559098	5.350917857108856	1.3516376380475993e-17	2.8989190560110838e-15	CG5945
FBgn0032512	1280.0177817402168	0.5405501000679497	1.4660115445943965e-7	9.414406810137877e-6	Bdp1
FBgn0032522	1367.8274861403424	-0.7049288798765252	9.266793862243428e-12	1.0928077271001977e-9	CG16848
FBgn0032535	33.594080594428945	-2.9756248049064427	9.757698139835824e-7	5.23044877148555e-5	Ance-2
FBgn0032603	69.91893360830139	-1.705920083399841	6.899913851243437e-6	2.953982920076893e-4	CG17928
FBgn0032693	796.0149158020135	1.7057045533458857	1.4949589088405665e-45	2.1547341072755364e-42	Cyp310a1
FBgn0032773	148.7648965412743	-0.9406499835898313	1.7135133094066995e-4	0.004917631559651262	fon
FBgn0032774	1073.727690891431	-0.8726127608049746	4.916270787286489e-14	7.971733081585043e-12	CG17549
FBgn0032818	314.56981009011946	0.7228042798172324	9.320145007773244e-6	3.887489422534872e-4	CG10628
FBgn0032836	126.81373429285763	-1.2351667450680242	8.643691958959656e-6	3.628672235974908e-4	CG10680
FBgn0032910	880.9237424129485	0.7904737125711427	2.206164454344793e-12	2.8618365301760654e-10	CG9265
FBgn0032911	218.07426358933708	1.078927513509381	2.9528993210838975e-8	2.2800601186369234e-6	tadr
FBgn0032945	1986.580682674909	-1.297191270721821	6.462571871611151e-39	6.448652486041526e-36	CG8665
FBgn0032973	955.7745921763795	-0.7379000758717296	2.9831581118631954e-10	2.8664834834881015e-08	CG6675
FBgn0033033	333.7366390511082	-0.6201611738246467	1.488543384497839e-4	0.004406048000184311	scaf
FBgn0033183	813.5395832007168	0.5739402611039733	2.815210063289781e-7	1.7145025793894384e-5	CG1620
FBgn0033204	147.99672295121565	1.555850372403044	1.9937413446751102e-9	1.7960286613281616e-7	CG2065
FBgn0033303	183.62661133189292	0.8934677847625255	1.7753009683577976e-5	6.753432305436173e-4	Cyp6a15Psi
FBgn0033344	2537.0499952888554	-0.5305329416726356	1.8633008924233725e-10	1.831116604281514e-8	CG8252
FBgn0033397	630.9954545909227	-1.5771220131063188	3.959052894760719e-29	1.902104968549483e-26	Cyp4p3
FBgn0033446	618.0205649875115	-0.5623713977919064	3.602396738147925e-4	0.009271883033185492	CG1648
FBgn0033473	340.7769659141046	1.5380450746598724	1.0093038867741206e-21	3.3173663888160564e-19	CG12128
FBgn0033521	282.0943322543695	-1.0216588106302813	7.923374991930968e-8	5.409580020806764e-6	CG12896
FBgn0033580	13.893072518126624	-6.937895625560933	1.2555615566519386e-5	5.042459601513606e-4	CG13231
FBgn0033581	129.86382362482848	0.9197436346463814	1.7049196432258065e-4	0.004903817652311565	CG12391
FBgn0033657	154.7429649777486	0.8474745754465373	1.294775599089178e-4	0.0038879233961538933	Sln
FBgn0033685	19.518779525469775	4.0827369927586075	3.5073640561452545e-8	2.6763250903715437e-6	OSCP1
FBgn0033762	655.8843989680985	0.6306273682543567	1.6315004692231134e-7	1.0374423571942268e-5	ZnT49B
FBgn0033820	422.09611745329886	-0.8366348867410498	4.368183395306167e-7	2.5309538277635716e-5	CG4716
FBgn0033866	34.110248751565265	1.9494862174155652	7.048369611908141e-5	0.002271766447698652	CG6280
FBgn0033915	869.9343830976904	0.6120946366217936	2.9182664783775232e-8	2.2668115423660616e-6	Snrk
FBgn0033942	350.25129615095346	1.4616166792736838	1.840764048836185e-19	4.591998315673652e-17	Cpr51A
FBgn0033958	586.1393515868194	-7.4752268383273055	1.7354846509062683e-34	1.1256353445778057e-31	jef
FBgn0034045	121.82359862258689	1.7197580457260635	2.1398516782636935e-11	2.4564739796846575e-9	CG8249
FBgn0034070	232.55204693359912	4.034856705158454	8.61364449006301e-66	2.2347239265019476e-62	SP2353
FBgn0034082	66791.18980656148	1.6875610111476251	4.1290401154219506e-131	5.3561908377253545e-127	CG10734
FBgn0034128	77.08778470486098	1.9908135478258917	6.490361487410535e-10	6.057048144941688e-8	CG4409
FBgn0034140	106.6560882836696	-2.4711632777279346	2.832475600506824e-12	3.6379082663143095e-10	Lst
FBgn0034160	99.84867636514784	-3.8572713624673347	5.171290456588554e-21	1.560046041927133e-18	CG5550
FBgn0034165	16.96463245018912	3.1092467205134153	3.860694880540276e-5	0.0013608949453904472	CG6435
FBgn0034200	435.7261310304096	-0.6886615915586094	3.787489002365592e-6	1.7059481714821686e-4	Gbp2
FBgn0034202	835.5083534598704	-0.521813409275909	8.169831744387752e-6	3.4408784866298025e-4	CG17287
FBgn0034225	284.78395908693716	-0.8604267852192196	3.213325612941845e-6	1.467720417291606e-4	veil
FBgn0034261	500.3026056323997	-0.5041404884008174	3.1776618094165487e-4	0.00831061068382086	HPS4
FBgn0034310	427.1987029678905	0.5152659583209587	3.5836979627111836e-4	0.009242093433854766	Nup75
FBgn0034329	48.796149363179424	5.557984019567537	1.6151266428270395e-18	3.809349601954974e-16	BomS1
FBgn0034380	537.9867875844435	0.5524542281114044	3.0441253031956694e-5	0.001090839597598183	Vps51
FBgn0034387	604.9426398174348	3.1388653074570376	6.1642013856969675e-114	3.998101018763053e-110	Cyp12b2
FBgn0034405	719.4268049616725	-0.5134190561299966	3.57171565274955e-5	0.0012624603664159989	Jheh2
FBgn0034417	1833.7673286342701	-0.5721276724897008	2.564982050993782e-8	2.041285102177383e-6	CG15117
FBgn0034442	252.1051028288502	1.4635053621535856	7.48053888835455e-15	1.3248992024456963e-12	CG11257
FBgn0034470	153.7663378980473	-1.9307944357333326	6.939743478415554e-14	1.111387066691439e-11	Obp56d
FBgn0034490	56.76956755621289	-1.835966951750804	1.1969775986885556e-5	4.8371319034853406e-4	CG9864
FBgn0034498	499.75017557480606	0.5088641073312717	1.4911001172378296e-4	0.004406048000184311	CG16868
FBgn0034512	242.85437861474102	-1.2500844908944164	3.2098337680872332e-09	2.8325145333079996e-7	Bbd
FBgn0034618	438.181822982344	-0.5909814008884784	2.3028060732933767e-4	0.00630210978539276	CG9485
FBgn0034636	426.53414791782507	-0.6033133169064769	1.0725843372406076e-4	0.0032584459069520287	twz
FBgn0034642	288.0508012009022	-1.194231008674835	2.327925038229576e-10	2.2535704176055268e-8	CG15674
FBgn0034666	76.44636563084667	-4.881093902049789	3.901814488064434e-5	0.0013716622639341962	CG9294
FBgn0034670	286.11292967702616	1.0492395540937625	8.751046844935938e-8	5.943381134686334e-6	CG13488
FBgn0034783	269.3630187761166	8.01173538445229	4.4348533650026624e-54	8.218416835830649e-51	CG9825
FBgn0034908	301.14573776364944	1.2428077746934967	1.293707822041482e-12	1.712446721175725e-10	CG5543
FBgn0034945	210.24561701397857	1.3089306559927782	5.6385876527782825e-11	6.095313252653323e-9	CG10904
FBgn0035028	577.0511612368219	-1.2564506206085353	2.986275878715581e-20	7.90570830585684e-18	Start1
FBgn0035109	271.1807948390386	1.0571803683919194	1.0856596675944787e-8	8.970176565627756e-7	CG13876
FBgn0035160	306.82057760509156	-0.9608574476705811	6.489621569607681e-8	4.550452486537883e-6	hng3
FBgn0035164	990.5881553778612	-0.6163136856955029	9.048247245274596e-9	7.671494331091638e-7	CG13901
FBgn0035211	497.80569815990054	0.6094815844371744	1.0248010788789113e-5	4.2202284429261074e-4	CG2211
FBgn0035245	78.66099053031198	1.2983309484415062	5.7623383445639044e-5	0.0019068635970837492	GC
FBgn0035574	78.17901596889288	-1.7047340142406173	1.1030734635783516e-6	5.818494449524494e-5	RhoGEF64C
FBgn0035750	72.83788291371799	1.3962947791780198	2.8194813323520465e-5	0.0010273683102042346	CG14826
FBgn0035756	1219.7640203435385	-0.5931202245649678	7.438902361090053e-7	4.1415210913330545e-5	unc-13-4A
FBgn0035790	80.41363444956555	1.602774803739892	4.415651624231294e-6	1.9683791364099088e-4	Cyp316a1
FBgn0035845	318.02685641637174	0.8889537936957547	3.786521835085578e-8	2.839234754030643e-6	CG13675
FBgn0036089	1892.4539920658142	-0.8266838773089307	2.8956486584469945e-12	3.6825837644484716e-10	CG14151
FBgn0036094	106.14269683105843	0.9855528570361405	2.711953746017235e-4	0.007253497730584655	CG14153
FBgn0036351	144.85464355398523	0.86316057750197694	2.0223805887815922e-4	0.0056184022332543895	CG14107
FBgn0036440	5085.480435954212	0.886880972401008	6.747795929452663e-18	1.5091794620148268e-15	CG17177
FBgn0036495	180.63335734863057	-2.1649461388947153	2.2076723829320196e-17	4.5457025637133584e-15	CG33259
FBgn0036752	454.1121813700726	-1.1542311789515216	1.2374713985087591e-12	1.6548947403562497e-10	Adgf-A
FBgn0036828	504.1779077460686	0.7469154462138926	9.456445474706e-8	6.311404288038073e-6	Prp6
FBgn0036910	803.4517407535548	0.640235436625748	4.2564071195342814e-8	3.119441421163768e-6	Cyp305a1
FBgn0037022	736.0459675265038	0.5548703158307408	1.7805987754941112e-6	8.88381819834985e-5	CG11396
FBgn0037060	1237.0134237649368	-1.99713522243982	1.142125288167204e-77	3.7039123095262424e-74	CG10508
FBgn0037222	454.56450097757516	1.0318069964039946	3.692590866122895e-12	4.650513467509339e-10	CG14642
FBgn0037297	354.0013685859849	1.1837481601874997	1.7581843968297718e-13	2.6519962785669536e-11	CG1116
FBgn0037420	82.65482557177891	1.5453275608881125	3.809162040914703e-7	2.2666261465479597e-5	CG15597
FBgn0037477	130.85444552312725	3.819460149580931	8.905950135117359e-37	7.220499072046399e-34	CG14610
FBgn0037517	286.9278528962274	1.4810484928683716	2.29159191005933e-17	4.6447703527015045e-15	CG10086
FBgn0037544	415.50269050928864	1.0207593691601806	4.141968743727048e-12	5.117106527964502e-10	CG11035
FBgn0037546	89.04796541652584	-1.5630251193514741	1.1660280690131224e-6	6.074584783629809e-5	mAChR-B
FBgn0037630	55.93642778472777	1.7444365147783993	2.324474606926182e-6	1.1209325130500534e-4	Ir85a
FBgn0037634	696.3239611758543	0.6764122790239663	1.6890164837278414e-8	1.3612109616492137e-6	hng2
FBgn0037635	38.14028456874916	1.8899281641116037	1.0649225126588818e-4	0.003250394078637886	CG9837
FBgn0037707	760.2839926483405	-0.6644126080749191	1.4643041818720546e-5	5.687111930312663e-4	RnpS1
FBgn0037974	57.185836330112764	2.8171956970672127	1.2323028566989742e-12	1.6548947403562497e-10	CG12224
FBgn0038118	544.0018370366203	-0.6655220965970068	2.020886385921019e-6	9.991249392984303e-5	timeout
FBgn0038165	153.44703310906047	0.8947086593226886	1.0370643989590162e-4	0.0031803308234743164	Task6
FBgn0038194	3136.745388738402	-1.9539804204491817	1.424481144786262e-91	6.159456470055796e-88	Cyp6d5
FBgn0038397	334.91092572521205	0.6299080315799771	1.8494371276026134e-4	0.0052381874277862665	CG10185
FBgn0038487	32.32209849679469	-4.4656855467327015	3.0769778546197912e-6	1.4104083650221883e-4	TwdlW
FBgn0038589	363.58866675165973	0.6520647764740579	9.231083159488482e-5	0.0028578904712382954	CG18598
FBgn0038739	3837.7212194446583	0.7743828871777734	7.169662726639972e-19	1.754808771508938e-16	CG4686
FBgn0038744	191.98918181261743	0.7935927290946045	1.6952490795572316e-4	0.00488683801333698	CG4733
FBgn0038772	307.9195546740371	-0.8357064435076618	3.533309158913893e-6	1.5970064951021263e-4	mdlc
FBgn0038878	431.65240911739585	-0.7586848231384191	5.618551170308029e-7	3.182700689136932e-5	CG3301
FBgn0039017	790.123516617588	0.5364700740084999	4.378383219974491e-6	1.9584961079141067e-4	CG6985
FBgn0039064	46.49206274782652	-2.901482240766916	1.0489828631329398e-8	8.780695451804555e-7	CG4467
FBgn0039311	278.2351057657096	-1.663392631943366	9.792930397134714e-14	1.5491938184345304e-11	CG10513
FBgn0039324	554.8868624200542	-1.939690824456669	4.5451653406669894e-26	1.8424963999728807e-23	CG10553
FBgn0039510	174.19216818326328	1.081741157780621	1.1222439984410062e-6	5.893825565901511e-5	CG3339
FBgn0039527	124.53957750712053	1.1178682244747178	5.848859018432391e-6	2.571911836851016e-4	CG5639
FBgn0039530	333.59535596491395	0.7297498362429187	2.853950452008776e-5	0.001034118582778152	Tusp
FBgn0039620	262.8867779216349	0.7630274956927253	5.7001191224280556e-5	0.0018985458689143625	wat
FBgn0039687	319.7177201897648	-0.7537441787402234	2.391348628632322e-5	8.762874127293355e-4	Naa40
FBgn0039718	36.85396319428484	-2.2335432704209817	6.026482922785294e-5	0.0019691570900345298	CG15517
FBgn0039844	106.35183428363726	1.4255393579517404	5.022076779004968e-7	2.8572973674233525e-5	CG1607
FBgn0039877	893.3280487461718	1.244902917176724	4.845716619797475e-29	2.2449512854290303e-26	Mccc1
FBgn0039879	123.4463052842535	-1.9819164746536286	5.969026434590403e-12	7.236468309299692e-10	Ir100a
FBgn0039908	925.1065645393335	-0.7289350755324144	8.293398468549136e-11	8.746501214147919e-9	Asator
FBgn0040251	27.904396087554566	3.080140974349948	1.1212037749541445e-7	7.272127684352581e-6	Ugt302K1
FBgn0040259	435.31580861778247	-0.7652359670295314	1.567973318722796e-6	7.945214800965668e-5	Ugt302C1
FBgn0040260	152.73294369994332	-1.723922385087523	2.3580548992099008e-11	2.6808631800577652e-9	Ugt37D1
FBgn0040318	243.34631331916353	0.9033269654505884	5.925015260574293e-7	3.327242335938084e-5	HGTX
FBgn0040350	246.72129313582073	-2.7259753423669566	4.758544344506493e-34	2.939420820806582e-31	CG3690
FBgn0040371	25981.66090610718	-0.8023805145758637	2.9510229683679578e-36	2.1267038858705083e-33	CG12470
FBgn0040465	35.45019324505569	2.1263572498399865	6.483761107789891e-5	0.0020974401269389146	Dlip3
FBgn0040496	2318.2691261599703	-0.5408277581136619	1.132890081974696e-10	1.1571535545965161e-8	CG17104
FBgn0040505	89.62204112579377	1.3092580368937368	1.5858877530478617e-5	6.104491374640019e-4	Alk
FBgn0040634	508.2188503992655	-0.5305855002144118	2.868277261563364e-4	0.007608853299999992	CG4186
FBgn0040653	572.810996681327	-1.5036113192335203	9.6307704745427e-25	3.674422193993173e-22	Dso1
FBgn0040795	45.60808969224022	-1.9459478705361615	1.9216079517039974e-4	0.005395475833226029	CG13038
FBgn0040832	67.54706966072743	-1.2996747031241984	3.875517225307845e-4	0.009838201457278544	CG8012
FBgn0040849	229.6379707656563	-0.7619131531378702	1.572660848355282e-4	0.004615510525987493	Ir41a
FBgn0041247	58.19081930112812	2.9025649805346827	2.24458774140402e-13	3.271549683313815e-11	Gr28a
FBgn0042177	1313.481212195747	0.7107149735750388	2.1036152622445364e-13	3.1365628944639226e-11	Arts
FBgn0042213	934.5584113497118	-0.6005830178271252	1.101794672113252e-6	5.818494449524494e-5	CG18731
FBgn0043532	748.0608863842994	1.4444340616326752	1.6945427985699417e-31	9.159003826270534e-29	Obp56i
FBgn0044324	763.9523290000545	0.5425083961460935	2.42197780281075e-6	1.1559610193364258e-4	Chro
FBgn0045495	26.485523501973823	3.0295796755393427	4.041805483681954e-7	2.3831954879237413e-5	Gr28b
FBgn0050090	289.01741504945664	-0.8035406768476734	7.415936744592145e-6	3.143775537609454e-4	CG30090
FBgn0050094	1305.5209288910532	-0.5150469247794317	2.6490907643806145e-7	1.62143312342796e-5	CG30094
FBgn0050114	44.44277786845659	-2.258518541819414	2.614060579367338e-6	1.228608472302649e-4	CG30114
FBgn0050267	49.55583572550158	1.5991199788542416	6.454619071784293e-5	0.002093232964979646	asRNA:CR30267
FBgn0050323	271.3202529034481	-0.7271621685561572	4.7023679893252036e-5	0.0016137332687176332	CG30323
FBgn0050398	932.3264401456879	0.6034635303570616	1.8380699834375307e-7	1.1518571896208525e-5	CG30398
FBgn0051028	44.8977777931748	1.5779417228060895	1.3915241827968937e-4	0.004149621080285357	CG31028
FBgn0051053	121.22375255688469	-6.650081229642931	2.2430989067947592e-20	6.061974795612837e-18	nenya
FBgn0051296	615.4040002723768	0.5123485886903573	8.319304777505095e-5	0.0026257426173673013	CG31296
FBgn0051300	407.3498879613822	-1.3883311565717338	1.3631981376555359e-17	2.8989190560110838e-15	CG31300
FBgn0051526	377.8426623375186	0.5407022295107801	3.85371003667987e-4	0.009821282238862725	lncRNA:CR31526
FBgn0051601	5263.9896967663135	0.8906670802052093	2.766079684953532e-36	2.1106815101892478e-33	CG31601
FBgn0051663	646.9235049045126	0.7112352788000083	1.6894462289972512e-8	1.3612109616492137e-6	CG31663
FBgn0051815	2315.2027339721344	0.9415935720790894	1.120769394625971e-22	3.929356915429215e-20	CG31815
FBgn0051935	2149.1393081327947	0.8233238176069781	8.187141277626069e-23	2.9500999070379264e-20	Rab3GAP1
FBgn0052006	1143.19484870364	0.7342304348598554	7.20207514990907e-12	8.571130169231234e-10	CG32006
FBgn0052037	62.59557310133118	1.5064657072739764	1.0873354812280253e-5	4.435508132858473e-4	CG32037
FBgn0052073	244.07740435266595	1.2356596538177285	6.724176879925619e-11	7.208762188958275e-9	CG32073
FBgn0052088	99.31684155997439	1.0839045889850245	8.6320284112363e-5	0.002711251151345213	sunn
FBgn0052121	544.9548391414553	1.212153585773269	8.735634324642153e-20	2.221934283514863e-17	CG32121
FBgn0052206	79.23558821578396	1.1513330589877646	1.6102930119447003e-4	0.004694094595718349	CG32206
FBgn0052228	2024.712312203644	0.5330361859517254	5.981075780818633e-9	5.172434335251954e-7	CG32228
FBgn0052440	4345.586245059555	1.0623969488055713	7.140570100204191e-39	6.616248238560626e-36	CG32440
FBgn0052473	2932.39489714252	0.5256448731753078	1.339615699106961e-10	1.3367303729858074e-8	CG32473
FBgn0052647	129.79178127007052	-1.3315040268776746	6.957917423363016e-7	3.890435552407976e-5	CG32647
FBgn0053137	18.467075398745664	4.334538928867171	9.487541136042431e-8	6.311404288038073e-6	CG33137
FBgn0053281	550.7533147587633	-1.197935845474431	1.9655655772152697e-16	3.8055696518860414e-14	CG33281
FBgn0053301	50.70994517561024	-2.075611011264781	4.3532123245725714e-5	0.001518007265439661	CG33301
FBgn0054025	357.87896884586235	1.0280369932550393	2.2552559467157085e-10	2.1996376045711408e-8	CG34025
FBgn0054049	1991.6359988434237	-0.7612060237111375	1.9011390494280547e-15	3.4734613731240456e-13	CG34049
FBgn0058172	443.5765059688865	-1.3439545370963133	2.7492322257647085e-18	6.368400077253535e-16	lncRNA:CR40172
FBgn0067905	112.04871834025312	-1.399343444320586	1.4178961446418179e-5	5.523408044532631e-4	Dso2
FBgn0085267	836.6242183866918	-0.6920614061640165	1.0558299358528199e-8	8.780695451804555e-7	CG34238
FBgn0085420	571.666669953529	-1.1326534608190286	1.5773597662115956e-15	2.9230729838995453e-13	DIP-delta
FBgn0085426	152.85114486553167	0.9400642507939061	4.4718791806346063e-5	0.0015552068828737831	Rgk3
FBgn0086356	552.6054897752676	-1.0590935606293785	1.1351892592798021e-11	1.3266373938178013e-9	tum
FBgn0086707	1673.49847774226	-0.6041361403462002	1.0020832757798428e-10	1.048308407533558e-8	ncm
FBgn0087007	995.425854778416	-0.5120335762845896	1.5393345549087552e-4	0.0045382381468809935	bbg
FBgn0250835	576.0280259321449	-0.7945020776251142	1.4322335635900041e-7	9.243250640243548e-6	CG15394
FBgn0250842	13.274362797348811	3.1502731180489807	3.7559890230596876e-4	0.009609997950124313	CG17575
FBgn0259112	218.00525512043902	0.8431394117925879	1.3565927629840185e-5	5.33264282467536e-4	asRNA:CR42254
FBgn0259140	165.2951639079721	0.8073160430306278	1.7576441633139923e-4	0.00502206169306368	Cubn2
FBgn0259224	121.42234694809584	-0.9956792135770812	2.4744777281687655e-4	0.0066872760603760885	CG42324
FBgn0259246	416.7286062683862	1.0900516785949221	1.3022899936063872e-10	1.3095585889195392e-8	brp
FBgn0259697	87.60215080615227	1.0956917094947658	2.72108189557438e-4	0.0072629371089281605	FBgn0259697
FBgn0260718	463.6074456514125	0.7689462483322169	1.188384014873307e-6	6.166286976374615e-5	CR42545
FBgn0260750	521.7423862068819	0.518421367798694	7.057677138625939e-5	0.002271766447698652	Mulk
FBgn0260753	84.74310479919382	-1.2022841112791114	1.8421161563788086e-4	0.005228868879769345	Pdfr
FBgn0261089	38.282720748358784	1.677861780690046	2.022659453384058e-4	0.0056184022332543895	Sytalpha
FBgn0261399	227.47058433520087	-10.989213443967195	4.322480848503646e-14	7.188618149588371e-12	Pp1-Y1
FBgn0261502	3719.238687056407	0.9009594920922086	1.2799534013062862e-31	7.218937183367454e-29	CG42650
FBgn0261612	182.32727406928356	0.822653244672491	8.904236656616968e-5	0.002776580718981618	CngA
FBgn0261698	148.69532941516883	1.1132679562901533	7.887646101019682e-7	4.353429935921186e-5	SLO2
FBgn0262010	1082.202774721364	-2.0481167909044764	4.576452129167827e-12	5.600541228260854e-10	CG42828
FBgn0262033	614.9241783472178	0.8941363325793739	2.4618654384034745e-11	2.753044695428437e-9	lncRNA:CR42844
FBgn0262166	436.3871112892043	0.6070422273439038	1.8856589739968713e-5	7.129153703939968e-4	calypso
FBgn0262352	317.0781278116527	8.502531568934906	2.890840863980724e-28	1.2931030237088949e-25	CG43050
FBgn0262480	447.98704674261637	-0.7443414691226741	8.61024985093019e-5	0.0027109747831618063	CG43070
FBgn0262543	92.07164954135604	1.462958482392699	1.0521172167935983e-6	5.6164874634759495e-5	lncRNA:CR43097
FBgn0262570	801.792127717873	1.9361814823052668	4.986721037006813e-62	1.0781290882008729e-58	CG43110
FBgn0262571	86.7701598901067	-2.795347991355901	2.5905441823541936e-13	3.652667297119413e-11	CG43111
FBgn0262579	1430.9918591426135	-0.6455827646805405	1.0285483318707233e-10	1.0673863168821617e-8	Sarm
FBgn0262719	41.01585250387488	1.6781635855767316	8.700079602678094e-5	0.002719456207372054	CG43163
FBgn0262786	645.2974388189206	-0.7024057577451808	8.248959995190015e-7	4.515000382177421e-5	CG43167
FBgn0262876	924.0457897038825	0.6543144761726317	8.87644691327492e-9	7.575346668355412e-7	CG43231
FBgn0262951	36.27322388651474	1.9837571953790847	2.201372639461539e-5	8.13567119062538e-4	lncRNA:CR43270
FBgn0262996	401.01750222920384	0.7793465730089294	2.3459764364553048e-7	1.456076858071685e-5	lncRNA:CR43304
FBgn0263038	75.63881432304188	2.9712458080646087	3.216679794349984e-14	5.419061076923116e-12	CG43333
FBgn0263130	175.29958901242034	-0.8908791314228567	6.269604293470004e-5	0.002043059923354698	lncRNA:CR43372
FBgn0263219	230.65643887284122	0.7636086101397169	5.705140815077132e-5	0.0018985458689143625	Dscam4
FBgn0263250	198.76892598239746	0.8483403734149451	3.166366194093156e-5	0.001131517968864364	CG43393
FBgn0263278	437.66047865945836	0.796135581199856	2.6335059604772246e-8	2.08303898288479e-6	Fic
FBgn0263334	365.4387255975247	0.8563374622511689	4.144767439944431e-8	3.0899955879861584e-6	lncRNA:CR43415
FBgn0263378	700.0977733376388	1.166561140017809	1.0229313564033476e-21	3.3173663888160564e-19	asRNA:CR43430
FBgn0263392	71.73266666801017	1.2346946887843087	1.4527780417368755e-4	0.0043223478801400796	Tet
FBgn0263403	3269.058298181265	-0.6166044122470673	2.7866882580700046e-13	3.8869806541595803e-11	CG43449
FBgn0263498	105.10200766700152	-1.173315082110357	5.6169242988140334e-5	0.0018827581913234018	lncRNA:CR43487
FBgn0263582	199.42098352891065	0.816448512348183	9.037938231853626e-5	0.0028115140226284228	lncRNA:CR43607
FBgn0263586	83.36271424336755	1.3231930025433407	4.594257849710465e-5	0.00158081466383141	lncRNA:CR43611
FBgn0263607	466.0892376781464	-0.7882251355899123	8.933974324132732e-8	6.036016402742177e-6	l(3)72Dp
FBgn0263612	472.87616506185276	0.5723453128713428	5.8191154457930115e-5	0.001920752304397632	lncRNA:CR43621
FBgn0263663	51.10128967451891	1.8643557946994518	4.117895444600814e-6	1.8483508549260125e-4	lncRNA:CR43654
FBgn0263764	280.51173908847477	-0.714579104587945	5.997631588357413e-5	0.001964678711216474	lncRNA:CR43681
FBgn0263773	345.35270081032763	-0.7906338036229038	1.4028537590532303e-6	7.164495654503348e-5	fok
FBgn0263774	2228.176166358356	1.1307597141275634	7.094825547481701e-42	7.669506416827719e-39	CG43691
FBgn0263802	666.1753164838432	0.640189757546561	1.2064370866079997e-6	6.21027852677737e-5	lncRNA:CR43605
FBgn0264263	568.8869800696	1.3599679167216798	2.7141015549918723e-21	8.587152529598674e-19	lncRNA:CR43763
FBgn0264326	341.80041059976236	1.2748375444501714	7.558012718237861e-15	1.3248992024456963e-12	PolE1
FBgn0264339	101.56181603348189	4.533066534249989	1.4651752366898142e-35	1.0003291142284352e-32	CG43795
FBgn0264351	179.56252122942803	1.7571665831665655	2.629760597671026e-16	5.016655069557139e-14	lncRNA:CR43807
FBgn0264362	13.606308254674243	-5.273372614296679	2.9311327795213777e-4	0.0077439214696438516	CG43814
FBgn0264369	324.60804482773904	0.8480634771212479	3.8882144030796307e-7	2.3031012436871676e-5	lncRNA:CR43821
FBgn0264370	29.554122881483455	-3.0244445575128367	2.9478540319839253e-6	1.3705936380966122e-4	lncRNA:CR43822
FBgn0264374	200.0163374426766	1.5638142582274441	3.439366375960123e-13	4.7463255988249695e-11	lncRNA:CR43826
FBgn0264428	181.09187372798638	-2.174174277108175	3.4592473844749754e-18	7.872518784457785e-16	lncRNA:CR43846
FBgn0264473	164.55266074375803	1.0912766019034816	1.2993480788795433e-6	6.662111968073295e-5	lncRNA:CR43881
FBgn0264480	8.076989534181843	4.3716267958457715	2.7286543422924534e-4	0.0072681938661638005	lncRNA:CR43888
FBgn0264570	486.4795199214677	-1.1068103231055748	2.5800828406623062e-14	4.4037940275093995e-12	lncRNA:CR43942
FBgn0264722	147.73616016242212	1.2114953921212133	4.918853757055216e-7	2.8233349971911618e-5	lncRNA:CR43990
FBgn0264787	980.3747735814562	0.7974080810676227	2.390305440152751e-13	3.4452269077401654e-11	lncRNA:CR44017
FBgn0264822	53.064496820947895	-1.675375417984217	1.3626899989650288e-4	0.004082405234774677	asRNA:CR44030
FBgn0264824	180.80905548491455	1.1316489072226517	6.751537131589623e-8	4.7086526704828265e-6	lncRNA:CR44032
FBgn0264829	326.1990988333283	-1.029164744885838	3.644470620694576e-9	3.194329249435813e-7	CG44037
FBgn0264889	259.35266169350723	-0.9283252455821285	2.315133768454173e-6	1.1205938524025198e-4	lncRNA:CR44080
FBgn0264900	162.6752318582019	1.1012079303611997	4.605607795735873e-6	2.046025490626224e-4	lncRNA:CR44091
FBgn0264914	659.6969716120964	0.7036589943561352	7.495976111115425e-8	5.1722235166696435e-6	lncRNA:CR44105
FBgn0265043	223.8511230287335	-0.7392928689605202	3.4585334280740255e-4	0.00895490930718089	asRNA:CR44160
FBgn0265044	274.6901504403414	-0.8798385138850815	2.659894028016467e-6	1.245637015575076e-4	lncRNA:CR44161
FBgn0265045	265.9892149786321	0.8234561498383156	5.907626014799442e-6	2.5889771845938634e-4	Strn-Mlck
FBgn0265105	251.81428705080276	-0.7663606743796303	9.736762679192063e-5	0.0030001255457121007	asRNA:CR44207
FBgn0265145	304.588809384901	0.9228687735433747	6.268041823094418e-8	4.492212073435403e-6	lncRNA:CR44214
FBgn0265152	94.83899167123661	-1.2461830717550848	1.479518985957869e-4	0.004391835305685464	lncRNA:CR44221
FBgn0265153	268.61729521086124	-0.7755989813065435	2.9393767309917673e-5	0.0010621057090369136	lncRNA:CR44222
FBgn0265314	194.01336392435502	0.994748878768835	8.651466331455914e-7	4.7154126576321896e-5	asRNA:CR44287
FBgn0265339	165.76479667171438	1.0531683923300104	6.4107029650615005e-6	2.7905919081469056e-4	asRNA:CR44293
FBgn0265348	518.9034550213927	-0.7550046662636286	9.816663579045698e-8	6.431402017544485e-6	lncRNA:CR44302
FBgn0265367	506.2824136999117	0.7786063366011299	9.815264589263456e-8	6.431402017544485e-6	lncRNA:CR44308
FBgn0265449	25.97580735541477	-2.6012584921729487	8.229298729657466e-5	0.0026100357731324362	lncRNA:CR44349
FBgn0265452	13.644421037700823	3.140661832112444	8.674621116175685e-5	0.002718047949735048	lncRNA:CR44352
FBgn0265467	167.83283660016866	0.9335325102242384	2.1431300720565706e-5	7.988702096183286e-4	lncRNA:CR44360
FBgn0265510	139.2803316459001	-1.8565126969947705	2.613831166685482e-11	2.89800152942257e-9	asRNA:CR44372
FBgn0265546	451.16850567408153	-1.231568879681502	9.05205943947213e-13	1.2360348952508682e-10	lncRNA:CR44396
FBgn0265585	654.0907413631522	0.6638693543687387	2.6498907043380163e-7	1.62143312342796e-5	lncRNA:CR44412
FBgn0265591	502.03618171276213	0.8150614306270711	2.308931791730243e-9	2.065618151884463e-7	lncRNA:CR44418
FBgn0265593	657.450676486468	-0.6597536873692056	2.5839429595633583e-6	1.223317812826857e-4	lncRNA:CR44420
FBgn0265645	72.19344231348335	1.6128702135371715	2.423846725713135e-6	1.1559610193364258e-4	lncRNA:CR44452
FBgn0265679	508.0724472487026	1.3497319357332074	3.6846294678681494e-22	1.2578161436101481e-19	lncRNA:CR44486
FBgn0265684	91.60896166683288	3.3009000521129415	3.9479110512381354e-21	1.2193405275395496e-18	lncRNA:CR44491
FBgn0265803	13.184234563647431	2.800688339283085	3.9490751373588554e-4	0.009985848475988124	asRNA:CR44592
FBgn0265805	153.4839354811258	-1.3112258331343856	3.108457017219425e-7	1.8754839268544364e-5	lncRNA:CR44594
FBgn0265812	756.8954602042897	-1.6775052973654319	3.77131698046736e-32	2.223705630482845e-29	lncRNA:CR44601
FBgn0265814	64.20312578424542	-2.473307895458684	1.4202218549122754e-9	1.2974026691494393e-7	lncRNA:CR44603
FBgn0265822	754.5948885852665	0.5846790232052315	1.1502938141026272e-6	6.0167787727980963e-5	lncRNA:CR44611
FBgn0265850	46.591314562820095	-2.781497798257598	3.583894743515329e-8	2.718729977361453e-6	lncRNA:CR44639
FBgn0265855	245.5830132230472	1.631331079829771	1.1654635410163865e-18	2.799702417419364e-16	lncRNA:CR44644
FBgn0265897	719.7798862281759	-1.786972924774514	9.308647820046032e-43	1.0977434501967012e-39	lncRNA:CR44686
FBgn0265909	55.78742364663189	-1.6502869870739254	4.794043732406345e-5	0.0016365351393888186	lncRNA:CR44698
FBgn0265945	88.87855116974005	-5.897944346811359	3.423320914805357e-20	8.881463781371019e-18	lncRNA:CR44732
FBgn0265947	104.30919795021846	1.6718650176807202	7.971927383005432e-9	6.848466358433541e-7	lncRNA:CR44734
FBgn0265948	75.53669753570662	6.247781791577769	1.8227865492750105e-25	7.16520821733195e-23	lncRNA:CR44735
FBgn0265988	1297.5202788716522	-0.5603730936902522	9.108258287850537e-8	6.121882202590526e-6	FBgn0265988
FBgn0266069	166.61144203666598	1.0748199835395715	8.789266773782759e-7	4.7704756732012525e-5	lncRNA:CR44822
FBgn0266140	458.3000716115269	-0.8927107371844871	1.4550493932247556e-9	1.319923127895911e-7	lncRNA:CR44846
FBgn0266142	77.21994242794013	-1.7111410445484239	1.6110772897334664e-6	8.131865604055457e-5	lncRNA:CR44848
FBgn0266232	178.32044669297812	0.9612437712889875	7.006482059123207e-6	2.988729925753225e-4	lncRNA:CR44927
FBgn0266246	95.49938671429113	-1.630737548048018	3.6507874693420327e-7	2.1925006968659652e-5	lncRNA:CR44941
FBgn0266248	443.9911871894834	0.6287149230084158	5.305485778881238e-5	0.0017876041954194134	lncRNA:CR44943
FBgn0266256	41.9274661039865	2.550564269057651	5.825278939820294e-9	5.071511302506635e-7	lncRNA:CR44951
FBgn0266395	326.4294277584924	1.347013575881754	5.361826180277069e-15	9.6602235014658515e-13	lncRNA:CR45035
FBgn0266428	223.2047282966149	0.9481245410053849	2.1133940132213447e-6	1.0306371105077926e-4	asRNA:CR43463
FBgn0266582	534.8816934997652	0.5209305277714386	2.678134066547779e-4	0.007177841965135906	ND-30
FBgn0266634	121.69705052487129	-1.739485566275384	8.183741129966026e-10	7.582820709851379e-8	asRNA:CR45141
FBgn0266698	652.2249467807787	-0.8042933576637639	3.5740564383946053e-10	3.3841357750988923e-8	lncRNA:CR45188
FBgn0266720	294.76377708770303	-0.6213893566553986	3.8652337250271595e-4	0.009831335662951433	Snap24
FBgn0266783	253.59394981224145	-1.388836401336815	1.051196054083889e-10	1.0822313661568418e-8	lncRNA:CR45248
FBgn0266795	55.06592061641103	-2.125239386611809	6.732163129381706e-6	2.9013162828684215e-4	asRNA:CR45257
FBgn0266809	288.7894431695488	-1.0512467641009793	2.7603311716305977e-8	2.157049154120007e-6	asRNA:CR45271
FBgn0266833	50.32215684288063	-2.1746982865430566	2.031770683232468e-6	9.991249392984303e-5	lncRNA:CR45295
FBgn0266855	111.12405263205983	-1.1941077735599122	4.572147763531081e-5	0.00158081466383141	lncRNA:CR45316
FBgn0266856	12.12738798162986	4.574008052002821	1.317172486596355e-5	5.226802544075751e-4	lncRNA:CR45317
FBgn0266893	30.806670633450477	-2.9913429369898994	1.665135242316042e-6	8.339820217499497e-5	lncRNA:CR45353
FBgn0267004	28.126147446004342	-3.498844123029648	7.57279980658008e-7	4.198049533801572e-5	lncRNA:CR45448
FBgn0267120	217.88887316358205	1.812570968439148	9.756754344375303e-18	2.1451630060209566e-15	lncRNA:CR45560
FBgn0267133	24.488970786052136	4.340184538322016	3.3434539961505053e-10	3.189065091034143e-8	lncRNA:CR45573
FBgn0267229	8.28120796664959	-5.951391945982991	3.89010086503998e-4	0.009855935238534886	lncRNA:CR45669
FBgn0267471	331.76595409978574	-0.7001675832034471	2.151183213408847e-5	7.995744597231967e-4	lncRNA:CR45821
FBgn0267534	122.61562589054877	-1.2669120170790533	9.856790261446651e-6	4.085056973529903e-4	asRNA:CR45874
FBgn0267550	29.748051993232615	2.9255492989198904	4.212364594206274e-8	3.1100469929759197e-6	asRNA:CR45890
FBgn0267620	337.790931918511	-0.6916405099736898	2.294465241059361e-5	8.431672268278196e-4	lncRNA:CR45958
FBgn0267621	130.56636977548104	1.165447192143246	1.888893991357295e-6	9.388020251297636e-5	lncRNA:CR45959
FBgn0267632	122.3866784492075	1.4283824971269121	1.0559578249163663e-8	8.780695451804555e-7	asRNA:CR45970
FBgn0267641	294.37233438555654	0.9357120603102974	6.390125424474593e-8	4.52965612056199e-6	lncRNA:CR45979
FBgn0267644	261.072087661572	2.0944653760330874	7.341670662754398e-27	3.0721339302338725e-24	lncRNA:CR45982
FBgn0267671	531.1949102479232	-0.9917586293646842	5.233751645813179e-11	5.705229104999039e-9	lncRNA:CR46007
FBgn0267677	20.891997326438087	-3.4019445204671483	2.9919618421945085e-5	0.001075117147283855	lncRNA:CR46013
FBgn0267684	34.28564414711938	-2.0572259046347092	1.0637502796849342e-4	0.003250394078637886	asRNA:CR46020
FBgn0267757	78.83678669926474	9.222942430424638	1.924905012782453e-14	3.3293157101085305e-12	lncRNA:CR46088
FBgn0267758	85.90876839965563	2.4311940178671874	4.428353969698999e-14	7.271469328472837e-12	asRNA:CR46089
FBgn0267780	197.51913725611948	1.0362247685890908	7.027155622531095e-6	2.988729925753225e-4	lncRNA:CR46111
FBgn0267792	223.1680028052355	1.9128909736397441	6.4483458444339235e-21	1.9010895975908377e-18	rgr
FBgn0267813	191.71050357104528	1.003983015179258	2.7462995848515693e-6	1.2814747559242645e-4	asRNA:CR46138
FBgn0267925	23.599991513789682	-4.101115225158539	2.3486547866045627e-6	1.1283981441420144e-4	lncRNA:CR46206
FBgn0267938	125.7054643562652	1.3546001622763713	5.758507801059234e-7	3.247798399797408e-5	lncRNA:CR46218
FBgn0267957	139.61655213665426	1.3127364091109655	3.106806671981922e-8	2.3847039141390233e-6	lncRNA:CR46237
FBgn0267972	3009.6787721005408	-0.7404555004995279	2.1498063189642e-13	3.1690099510913186e-11	Der-1
FBgn0267993	274.9339584356645	0.7950215090476375	7.90639408399982e-6	3.340773422073149e-4	lncRNA:CR46260
FBgn0275434	476.26154464502724	0.7117941142436243	1.1034147660985395e-6	5.818494449524494e-5	asRNA:CR46266
FBgn0283501	197.21581727865197	-0.7903449945429327	2.0647705691969123e-4	0.005710917659620969	lncRNA:CR46115
